{
    "Type":"Power",
    "Target":"Self",
    "Energy Cost":1,
    "Effects":{
        "On Play":[
            {
                "Type":"Apply Buff",
                "Buffs":[
                    {
                        "Type":"Dexterity",
                        "Value":2
                    }
                ]
            }
        ]
    },
    "Rarity":"Uncommon",
    
    "Card Data":{
        "Name":"Accelerate",
        "Description":["Gain 2 Dexterity","Adaptation"]
    }
}