{
    "Type":"Attack",
    "Target":"Single",
    "Energy Cost":2,
    "Rarity":"Uncommon",
    "Effects":{
        "On Play":[
            {
                "Type":"Deal Damage",
                "Damage":23
            },
            {
                "Type":"Flip Self"
            }
        ]
    },
    "Extra Sides":[
        "exhausted"
    ],
    "Switch Trigger":{
        "Type":"Exhaust"
    },
    "Card Data":{
        "Name":"Final Blow",
        "Description":["Deal 23 Damage","Exhaust"]
    }
}