{
    "Type":"Skill",
    "Target":"Self",
    "Energy Cost":0,
    "Rarity":"Uncommon",
    "Effects":{
        "On Play":[
            {
                "Type":"Deal Damage",
                "Damage":10
            },{
                "Type":"Gain Energy",
                "Energy":2
            },{
                "Type":"Draw Cards",
                "Cards Drawn":2
            }

        ]
    },
    "Attributes":{
        "Exhaust":1
    },
    "Card Data":{
        "Name":"Offering",
        "Description":["Take 10 Damage","Draw 2 Cards","Gain 2 Energy","Hallucination"]
    }
}