{
    "Type":"Skill",
    "Target":"Self",
    "Energy Cost":1,
    "Rarity":"Common",
    "Effects":{
        "On Play":[
            {
                "Type":"Apply Buff",
                "Buffs":[
                    {
                        "Type":"Strength",
                        "Value":2
                    },{
                        "Type":"Vulnerable",
                        "Value":1
                    }
                ]
            },{
                "Type":"Draw Cards",
                "Cards Drawn":1
            }
        ]
    },
    "Card Data":{
        "Name":"Enrage",
        "Description":["Gain 2 strength","Gain 1 Vulnerable","Draw 1 card"]
    }
}