{
    "Type":"Skill",
    "Target":"Self",
    "Energy Cost":1,
    "Rarity":"Uncommon",
    "Effects":{
        "On Play":[
            {
                "Type":"Apply Buff",
                "Buffs":[
                    {
                        "Type":"Vulnerable",
                        "Value":3
                    }
                ]
            },{
                "Type":"Draw Cards",
                "Cards Drawn":1
            },{
                "Type":"Gain Energy",
                "Energy":2
            }
        ]
    },
    "Attributes":{
        "Exhaust":1
    },
    "Card Data":{
        "Name":"Final Breath",
        "Description":["Gain 3 Vulnerable","Draw 1 Card","Gain 2 Energy","Hallucination"]
    }
}