{
    "Type":"Power",
    "Target":"Self",
    "Energy Cost":1,
    "Effects":{
        "Lose All Block":[
            {
                "Type":"Set Target",
                "Target":"All Enemies"
            },
            {
                "Type":"Apply Buff",
                "Buffs":[
                    {
                        "Type":"Poison",
                        "Value":7
                    }
                ]
            }
        ]
    },
    "Rarity":"Rare",
    
    "Card Data":{
        "Name":"Venomthorn",
        "Description":["Lose All Block:","Apply 7 Poison","To All Enemies","Adaptation"]
    }
}