{
    "Warrior":[
        {
            "Type":"Spell",
            "ID 1":"strike",
            "ID 2":"defend"
        },{
            "Type":"Spell",
            "ID 1":"defend",
            "ID 2":"strike"
        },{
            "Type":"Spell",
            "ID 1":"strike",
            "ID 2":"defend"
        },{
            "Type":"Spell",
            "ID 1":"strike",
            "ID 2":"defend"
        },{
            "Type":"Spell",
            "ID 1":"strike",
            "ID 2":"defend"
        },{
            "Type":"Spell",
            "ID 1":"defend",
            "ID 2":"strike"
        },{
            "Type":"Spell",
            "ID 1":"defend",
            "ID 2":"strike"
        },{
            "Type":"Spell",
            "ID 1":"defend",
            "ID 2":"strike"
        },{
            "Type":"Spell",
            "ID 1":"bash",
            "ID 2":"bash"
        }
    ]
}