{
    "Health":15,
    "Animations":[
        {
            "Sprite Path":"Resources/creatures/Enemies/water_butterfly.png",
            "X Center":0,
            "Y Center":0,
            "Y Movement":5,
            "Y Fi":0,
            "Omega":0.05,
            "Side":"0"
        }
    ],
    "Attack Pattern":{
        "Type":"Random",
        "Attacks":[
            {
                "Type":"Buff Self",
                "Buffs":[
                    {
                        "Type":"Dexterity",
                        "Value":1
                    }
                ],
                "Weight":1
            },{
                "Type":"Deal Damage And Block",
                "Damage":2,
                "Block":8,
                "Weight":1
                
            }
        ]
    },
    "Gift":{
        "Type":"Multiple Effects",
        "Effects":[{
            "Type":"Apply Buff",
            "Buffs":[
                {
                    "Type":"Dexterity",
                    "Value":1
                }
            ]
        },{
            "Type":"Give HP",
            "HP":3
            }
            
        ]
        
    },
    "Gift Chance":0.2
}