{
    "Health":9,
    "Animations":[
        {
            "Sprite Path":"Resources/creatures/Enemies/orange_butterfly.png",
            "X Center":0,
            "Y Center":0,
            "Y Movement":5,
            "Y Fi":0,
            "Omega":0.05,
            "Side":"0"
        }
    ],
    "Attack Pattern":{
        "Type":"Random",
        "Attacks":[
            {
                "Type":"Multi Attack",
                "Damage":1,
                "Hits":4,
                "Weight":1
                
            },
            {
                "Type":"Buff Self",
                "Buffs":[
                    {
                        "Type":"Strength",
                        "Value":1
                    }
                ],
                "Weight":1
            },{
                "Type":"Deal Damage",
                "Damage":4,
                "Weight":1
                
            }
        ]
    },
    "Gift":{
        "Type":"Apply Buff",
        "Buffs":[
            {
                "Type":"Strength",
                "Value":2
            }
        ]
    },
    "Gift Chance":0.3
}